{
  "Random Forest": {
    "name": "Random Forest",
    "acc": 0.9905,
    "prec": 0.8656716417910447,
    "rec": 0.8529411764705882,
    "f1": 0.8592592592592593,
    "auc": 0.9784169102423579,
    "cv_f1": 0.9931659459112128,
    "cv_std": 0.001357340711205336
  },
  "Gradient Boost": {
    "name": "Gradient Boost",
    "acc": 0.992,
    "prec": 0.9642857142857143,
    "rec": 0.7941176470588235,
    "f1": 0.8709677419354839,
    "auc": 0.9730544391669711,
    "cv_f1": 0.9961078516945587,
    "cv_std": 0.0010497606626674895
  },
  "Logistic Reg": {
    "name": "Logistic Reg",
    "acc": 0.8615,
    "prec": 0.17846153846153845,
    "rec": 0.8529411764705882,
    "f1": 0.2951653944020356,
    "auc": 0.9338539763731579,
    "cv_f1": 0.8428387619371298,
    "cv_std": 0.0037159152039093228
  },
  "Ensemble (RF+GBT)": {
    "name": "Ensemble (RF+GBT)",
    "acc": 0.9915,
    "prec": 0.9180327868852459,
    "rec": 0.8235294117647058,
    "f1": 0.8682170542635659,
    "auc": 0.9792580075508464,
    "cv_f1": 0.996307298896344,
    "cv_std": 0.0009328982109130308
  }
}